<res>
   <item name="anima/che1" type="" compress="0" pack="1" quality="80" props="" picType="0" scale="0"/>
   <item name="anima/che1/che_45shang0002.png" type="Image" compress="0" pack="1" quality="80" props="" picType="0" scale="0"/>
   <item name="anima" type="" compress="0" pack="1" quality="80" props="" picType="0" scale="0"/>
   <item name="anima/che1/che_45shang0001.png" type="Image" compress="0" pack="1" quality="80" props="" picType="0" scale="0"/>
   <item name="anima/che1/che_45shang0000.png" type="Image" compress="0" pack="1" quality="80" props="" picType="0" scale="0"/>
   <item name="anima/che1/che_45shang0003.png" type="Image" compress="0" pack="1" quality="80" props="" picType="0" scale="0"/>
   <item name="anima/che1/che_45shang0004.png" type="Image" compress="0" pack="1" quality="80" props="" picType="0" scale="0"/>
   <item name="anima/che1/che_45shang0005.png" type="Image" compress="0" pack="1" quality="80" props="" picType="0" scale="0"/>
   <item name="anima/che1/che_45shang0006.png" type="Image" compress="0" pack="1" quality="80" props="" picType="0" scale="0"/>
   <item name="anima/che1/che_45xia0000.png" type="Image" compress="0" pack="1" quality="80" props="" picType="0" scale="0"/>
   <item name="anima/che1/che_45xia0001.png" type="Image" compress="0" pack="1" quality="80" props="" picType="0" scale="0"/>
   <item name="anima/che1/che_45xia0002.png" type="Image" compress="0" pack="1" quality="80" props="" picType="0" scale="0"/>
   <item name="anima/che1/che_45xia0003.png" type="Image" compress="0" pack="1" quality="80" props="" picType="0" scale="0"/>
   <item name="anima/che1/che_45xia0004.png" type="Image" compress="0" pack="1" quality="80" props="" picType="0" scale="0"/>
   <item name="anima/che1/che_45xia0005.png" type="Image" compress="0" pack="1" quality="80" props="" picType="0" scale="0"/>
   <item name="anima/che1/che_45xia0006.png" type="Image" compress="0" pack="1" quality="80" props="" picType="0" scale="0"/>
   <item name="anima/che1/che_shang.png" type="Image" compress="0" pack="1" quality="80" props="" picType="0" scale="0"/>
   <item name="anima/che1/che_xia.png" type="Image" compress="0" pack="1" quality="80" props="" picType="0" scale="0"/>
   <item name="anima/che1/che_you0000.png" type="Image" compress="0" pack="1" quality="80" props="" picType="0" scale="0"/>
   <item name="anima/che1/che_you0001.png" type="Image" compress="0" pack="1" quality="80" props="" picType="0" scale="0"/>
   <item name="anima/che1/che_you0002.png" type="Image" compress="0" pack="1" quality="80" props="" picType="0" scale="0"/>
   <item name="anima/che1/che_you0003.png" type="Image" compress="0" pack="1" quality="80" props="" picType="0" scale="0"/>
   <item name="anima/che1/che_you0004.png" type="Image" compress="0" pack="1" quality="80" props="" picType="0" scale="0"/>
   <item name="anima/che1/che_you0005.png" type="Image" compress="0" pack="1" quality="80" props="" picType="0" scale="0"/>
   <item name="anima/che1/che_you0006.png" type="Image" compress="0" pack="1" quality="80" props="" picType="0" scale="0"/>
   <item name="anima/maoyan/10060.png" type="Image" compress="0" pack="1" quality="80" props="" picType="0" scale="0"/>
   <item name="anima/maoyan/10068.png" type="Image" compress="0" pack="1" quality="80" props="" picType="0" scale="0"/>
   <item name="anima/maoyan/10076.png" type="Image" compress="0" pack="1" quality="80" props="" picType="0" scale="0"/>
   <item name="anima/maoyan/10084.png" type="Image" compress="0" pack="1" quality="80" props="" picType="0" scale="0"/>
   <item name="anima/maoyan/10092.png" type="Image" compress="0" pack="1" quality="80" props="" picType="0" scale="0"/>
   <item name="anima/maoyan/10100.png" type="Image" compress="0" pack="1" quality="80" props="" picType="0" scale="0"/>
   <item name="anima/npc" type="" compress="0" pack="1" quality="80" props="" picType="0" scale="0"/>
</res>