<?xml version="1.0" encoding="utf-8"?>
<component size="84,93" extention="Button">
  <controller name="button" pages="0,up,1,down,2,over,3,selectedOver" selected="0"/>
  <displayList>
    <image id="n0_ennx" name="n0" src="ennx4i" fileName="sprite/ui/close.png" xy="0,0">
      <gearDisplay controller="button" pages="0"/>
      <relation target="" sidePair="width-width,height-height"/>
    </image>
    <image id="n1_ennx" name="n1" src="ennx4i" fileName="sprite/ui/close.png" xy="0,0">
      <gearDisplay controller="button" pages="1"/>
      <relation target="" sidePair="width-width,height-height"/>
    </image>
    <image id="n2_ennx" name="n2" src="ennx4i" fileName="sprite/ui/close.png" xy="0,0">
      <gearDisplay controller="button" pages="2"/>
      <relation target="" sidePair="width-width,height-height"/>
    </image>
    <image id="n3_ennx" name="n3" src="ennx4i" fileName="sprite/ui/close.png" xy="0,0">
      <gearDisplay controller="button" pages="3"/>
      <relation target="" sidePair="width-width,height-height"/>
    </image>
  </displayList>
  <Button downEffect="scale" downEffectValue="1.20"/>
</component>