<?xml version="1.0" encoding="utf-8"?>
<component size="758,1033">
  <displayList>
    <image id="n0_ennx" name="n0" src="ennx49" fileName="sprite/ui/bg.png" xy="0,3"/>
    <list id="n2_ennx" name="list" xy="23,36" size="696,968" overflow="scroll" lineGap="17" defaultItem="ui://43jwvuthennx4t">
      <item/>
      <item/>
      <item/>
      <item/>
      <item/>
    </list>
    <component id="n1_ennx" name="close" src="ennx4s" fileName="CloseBtn.xml" xy="674,0"/>
  </displayList>
</component>